question,contexts,ground_truth,answers
ماذا علم الله لآدم في قوله سبحانه: {وَعَلَّمَ آدَمَ الْأَسْمَاءَ كُلَّهَا}؟,"['ونحو ذلك من الأبيات التي جئنا بها هناك وغيرها مما يطول به الكتاب، وإنما ينقم من القول ويحقر5، ما ينثى6 ويؤثر، وذلك ما كان منه تامًّا غير ناقص ،ومفهومًا غير مستبهم وهذه صورة الجمل وهو ما كان من الألفاظ قائمًا برأسه غير محتاج إلى متمم له، فلهذا سموا ما كان من الألفاظ تامًا مفيدًا كلامًا؛ لأنه في غالب الأمر وأكثر الحال مضر بصاحبه وكالجارح له. فهو إذًا من الكلوم التي هي الجروح. وأما القول فليس في أصل اشتقاقه ما هذه سبيله؛ ألا ترى أنا قد عقدنا تصرف "" ق ول"" وما كان أيضًا من تقاليبها الستة، فأرينا أن جميعها إنما هو للإسراع والخفة، فلذلك سموا كل ما مذل به اللسان من الأصوات قولًا، ناقصًا كان ذلك أو تامًّا. وهذا واضح مع أدنى تأمل.\n\nواعلم أنه قد يوقع1 كل واحد من الكلام والقول موقع صاحبه، وإن كان أصلهما قبل ما ذكرته؛ ألا ترى إلى رؤبة كيف قال:\n\nلو أنني أوتيت علم الحكل2 … علم سليمان كلام النمل\n\nيريد قول3 الله عز وجل: {قَالَتْ نَمْلَةٌ يَا أَيُّهَا النَّمْلُ ادْخُلُوا مَسَاكِنَكُمْ} وعلى هذا اتسع فيهما جميعًا اتساعًا واحدًا فقال أبو النجم:\n\nقالت له الطير تقدم راشدا … إنك لا ترجع إلا حامدا\n\nفرفع ""أقيلها"" يدل على أن اعتماد القسم عليه كقوله عَزَّ اسْمُهُ: {لَئِنْ أُخْرِجُوا لا يَخْرُجُونَ مَعَهُمْ} [الحشر: 12] 2 أي: ""والله لا يخرجون معهم إن أخرجوا""، ولو كانت اللام التي في ""لئن عاد لي عبد العزيز"" جواب القسم لا نجزم لا أقيلها، كما تقول: ""إن تقم إذن لا أقم""، وأما قوله تعالى ذكره: {وَلَئِنْ أَرْسَلْنَا رِيحًا فَرَأَوْهُ مُصْفَرًّا لَظَلُّوا} فقال الخليل3: ""معناها ليظلن"" فأوقع الماضي موقع المستقبل. ومثله مما وضع فيه الماضي موضع المستقبل قول الحطيئة4:\n\nشهد الحطيئة حين يلقى ربه … أن الوليد أحق بالعذر5\n\nأي: يشهد. وأنشدنا أبو علي6:\n\nوإني لآتيكم تشكر ما مضى … من الأمر واستجاب ما كان في الغد7\n\nأي: ما يكون. وأما قوله تعالى ذكره: {وَلَقَدْ عَلِمُوا لَمَنِ اشْتَرَاهُ مَا لَهُ فِي الآخِرَةِ مِنْ خَلَاقٍ} [البقرة: 102] 8؛ فاللام في ""لقد علموا"" لام قسم محذوف\n\nفأما ""هل "" فقد أخرجت عن بابها إلى معنى قد، نحو قول الله سبحانه: {هَلْ أَتَى عَلَى الْإِنْسَانِ حِينٌ مِنَ الدَّهْرِ} 5 قالوا: معناه: قد أتى عليه ذلك. وقد يمكن عندي أن تكون مبقاة في هذا الموضع على بابها من الاستفهام، فكأنه قال -والله أعلم: هل أتى على الإنسان هذا؟ فلا بُدَّ في جوابه من ""نعم"" ملفوظًا بها أو مقدرة، أي:6 فكما أن ذلك كذلك فينبغي للإنسان أن يحتقر نفسه، ولا يبأى7 بما فتح له. وهذا كقولك لمن تريد الاحتجاج عليه: بالله هل سألتني فأعطيتك! أم هل زرتني فأكرمتك! ، أي:6 فكما أن ذلك كذلك فيجب أن تعرف حقي عليك وإحساني إليك. ويؤكد هذا عندك قوله تعالى: {إِنَّا 8 خَلَقْنَا الْإِنْسَانَ مِنْ نُطْفَةٍ أَمْشَاجٍ نَبْتَلِيهِ فَجَعَلْنَاهُ سَمِيعًا بَصِيرًا، إِنَّا هَدَيْنَاهُ السَّبِيلَ} 8 أفلا تراه -عز اسمه- كيف عدد عليه أياديه وألطافه له.\n\nفإن قلت: فما تصنع بقول الشاعر 1:\n\nسائل فوارس يربوع بشدتنا … أهل رأونا بسفح القف ذي الأكم', 'الخصائص/مجلد1/باب-القول-على-الفصل-بين-الكلام-والقول\n\nسر-صناعة-الاعراب/المجلد2/\u200c\u200cباب-اللام\n\nالخصائص/مجلد2/باب-في-إقرار-الألفاظ-على-أوضاعها-الأول،-ما-لم-يَدْعُ-داعٍ-إلى-الترك-والتحول']",علم آدم أسماء جميع المخلوقات بجميع اللغات: العربية والفارسية والسريانية والعبرية والرومية وغير ذلك من سائر اللغات.,"في قوله تعالى: {وَعَلَّمَ آدَمَ الْأَسْمَاءَ كُلَّهَا} [البقرة: 31]، علم الله سبحانه وتعالى آدم عليه السلام أسماء الأشياء كلها، أي أسماء المخلوقات والموجودات. وقد اختلف العلماء في كيفية تعليم الله لآدم هذه الأسماء، فقال بعضهم إن الله سبحانه وتعالى ألهم آدم معرفة هذه الأسماء، بينما قال آخرون إن الله سبحانه وتعالى عرض عليه المسميات وألهمه أسماءها.

ويُذكر أن هذا التعليم كان إعداداً لآدم عليه السلام لأداء مهمته في الأرض، وهي عمارة الأرض وتبليغ رسالة التوحيد إلى ذريته. وقد كان هذا التعليم دليلاً على فضل آدم عليه السلام ومكانته بين المخلوقات، حيث اختصه الله سبحانه وتعالى بهذه المعرفة الخاصة.

وبشكل عام، يُظهر هذا التعليم حكمة الله سبحانه وتعالى ورحمته بعباده، حيث يُعلم الإنسان ما يحتاج إليه لأداء دوره في الحياة وتحقيق الغاية من وجوده. "
كيف نشأت اللغات المختلفة حسب النص؟,"['فالجواب عن ذلك قد تقدم في حرف الهمزة من أول هذا الكتاب، فالأصل في هذين الموضعين إنما هو لام المعرفة المدخلة عليها الألف، ثم حملت الألف في إدخال اللام عليها على حكم لام المعرفة، وذلك أن اللفظ أسبق مرتبة من الخط، فَبِهِ بُدِئَ، ثم حمل الخط عليه.\n\nواعلم أن هذه الألف، أعني المدة الساكنة في نحو قامَ، وباعَ، وحمارٍ، وكتابٍ، وغزَا، ورَمَى، وحتَّى، وإلَّا، ومَا، ولا، لا تكون أصلا في الأسماء المتمكنة ولا الأفعال أبدًا، إنما تكون بدلا أو زائدًا، فأما الحروف التي جاءت لمعانٍ فإن الألفات فيها أصول، وكذلك الأسماء المبنية التي أوغلت في شبه الحرف، وسيأتيك ذلك مفصلا في أماكِنِه بإذن الله تعالى.\n\n\u200c\u200cكون الألف أصلا:\n\nفقد علمت -بما قدَّمناه وهضبنا1 فيه- قوة تداخل الأصول الثلاثة: الاسم والفعل والحرف وتمازجها، وتقدم بعضها على بعض تارة، وتأخرها عنه أخرى. فلهذا ذهب أبو علي رحمه الله إلى أن هذه اللغة وقعت طبقة واحدة؛ كالرقم تضعه على المرقوم، والميسم يباشر به صفحة الموسوم، لا يحكم لشيء منه بتقدم في الزمان، وإن اختلفت بما فيه2 من الصنعة3 القوة والضعف في الأحوال. وقد كثر اشتقاق الأفعال من الأصوات الجارية مجرى الحروف نحو: هاهيت4، وحاحيت5، وعاعيت6، وجأجأت7، وحأحأت8، وسأسأت9، وشأشأت10. وهذا كثير في الزجر. وقد كانت حضرتني وقتًا فيه نشطة فكتبت تفسير كثير من هذه الحروف في كتاب ثابت في الزجر، فاطلبها في جملة ما أثبته عن نفسي في هذا وغيره.', 'سر-صناعة-الاعراب/المجلد2/\u200c\u200cباب-الألف-الساكنة\n\nالخصائص/مجلد2/باب-في-هذه-اللغة-أفي-وقت-واحد-وضعت-أم-تلاحق-تابع-منهابفارط']",ادم ولده تفرقوا في الدنيا وعلق كل منهم بلغة من تلك اللغات فغلبت عليه واضمحل عنه ما سواها لبعد عهدهم بها.,"فيما يتعلق بنشأة اللغات المختلفة، فقد ذكر أبو الفتح عثمان بن جني في كتابه ""سر صناعة الإعراب"" أن اللغة العربية وغيرها من اللغات نشأت من الأصوات التي يصدرها الإنسان بشكل طبيعي. وقد أشار إلى أن هذه الأصوات تطورت مع مرور الزمن وتداخلت مع بعضها البعض، مما أدى إلى تكوين الكلمات والجمل.

يقول ابن جني: ""إن اللغة وقعت طبقة واحدة؛ كالرقم تضعه على المرقوم، والميسم يباشر به صفحة الموسوم، لا يحكم لشيء منه بتقدم في الزمان، وإن اختلفت بما فيه2 من الصنعة3 القوة والضعف في الأحوال.""

ويضيف: ""وقد كثر اشتقاق الأفعال من الأصوات الجارية مجرى الحروف نحو: هاهيت4، وحاحيت5، وعاعيت6، وجأجأت7، وحأحأت8، وسأسأت9، وشأشأت10. وهذا كثير في الزجر.""

إذاً، يعتقد ابن جني أن اللغات نشأت من الأصوات الطبيعية التي يصدرها الإنسان وتطورت مع مرور الزمن وتداخلت مع بعضها البعض لتكوين الكلمات والجمل. "
ما هو الإعراب؟,"['فأما قوله: إنها ليست بإعراب، فصحيح، وسنذكر ذلك في فساد قول الفراء والزيادي. فأما قوله: لو كانت الألف حرف إعراب لوجب أن يكون فيها إعراب هو غيرها كما ذلك في دال ""زيد"" فيفسد بما ذكرناه من الحجاج في هذا عند شرح مذهب سيبويه أول.\n\nوبلغني أن أبا إسحاق قال منكرا على أبي الحسن أنها دليل الإعراب: إن الإعراب دليل المعنى، فإذا كانت الألف تدل على الإعراب، والإعراب دليل، فقد\n\nاحتاج الدليل إلى دليل، وإذا احتاج الدليل إلى دليل فقد سقط المعنى المدلول عليه. وهذا وإن كان ظاهره سائغا متقبلا فإنه غير داخل على غرض أبي الحسن، وذلك أن معنى قوله: ""دليل الإعراب"" أنها تقوم مقام الضمة والفتحة والكسرة، وتفيد ما يفدنه، فشابهت الألفُ النونَ التي لرفع الفعل المضارع في نحو يقومان ويقومون وتقومين في أنها تقوم مقام الضمة في ""يقوم"" و""يقعد"" وأنها ليست من أصول الإعراب؛ ألا ترى أن جنس الإعراب هو الحركة، ولذلك جعل الجنس البناء سكونا إذ كانا ضدين، وكانت الحركة ضد السكون، فالألف إذن هناك كالنون هنا.\n\nوكان أبو الحسن يذهب إلى أنّ ما غيّر لكثرة استعماله إنما تصوَّرته العرب قبل وضعه، وعلمت أنه لا بُدَّ من كثرة استعمالها2 إياه فابتدءوا بتغييره، عِلْمًا بأن لا بُدَّ من كثرته الداعية إلى تغييره. وهذا في المعنى كقوله:\n\nرأى الأمر يفضي إلى آخر … فصيَّر آخره أولًا3\n\nوقد كان أيضًا أجاز أن يكون4 قد كانت قديمًا5 معربة، فلما كثرت غُيِّرَت فيما بعد. والقول عندي هو الأول؛ لأنه أدلّ على حكمتها واشهد لها6 بعلمها بمصاير\n\nأمرها فتركوا بعض الكلام مبنيًّا غير معرب؛ نحو: أمس وهؤلاء وأين وكيف وكم وإذ، واحتملوا ما لا يؤمن معه من اللبس؛ لأنهم إذا خافوا ذلك زادوا كلمة أو كلمتين، فكان ذلك أخف عليهم من تجشمهم اختلاف الإعراب واتقائهم الزيغ والزلل فيه، ألا ترى أن من لا يعرب فيقول: ضرب أخوك لأبوك، قد يصل باللام إلى معرفة الفاعل من المفعول، ولا يتجشّم1 خلاف الإعراب ليفاد منه المعنى، فإن تخلل2 الإعراب من ضرب إلى ضرب يجري مجرى مناقلة3 الفرس، ولا يقوى على ذلك من الخيل إلّا الناهض الرجيل4، دون الكودن5 الثقيل، قال جرير:\n\nمن كل مشترفٍ وإن بعد المدَى … ضَرِمِ الرقاق مناقل الأجرال6\n\nهكذا روينا عن أبي زيد وأما الكوفيون فرووه على خلاف هذا يقولون: فتأبَيْه، ونصي حولَيْه، وحتى تأبَيْه، وفوق الزازيْه. فينشدونه من السريع لا من الرجز كما أنشده أبو زيد. وقد ذكرت هذه الأبيات بما يجب فيها في كتابي "" في النوادر الممتعة "" ومقداره ألف ورقة. وفيه من كلتا الروايتين صنعة طريفة.\n\nوأخبرنا محمد بن الحسن عن أحمد بن يحيى -أحسبه عن ابن الأعرابي- يقول الشاعر:\n\nوما كنت أخشى الدهر إحلاس مسلم … من الناس ذنبًا جاءه وهو مسلما\n\nوقال في تفسيره معناه: ما كنت أخشى الدهر إحلاس2 مسلم مسلمًا ذنبًا جاءه وهو، ولو وكد الضمير في جاء فقال: جاءه هو وهو لكان أحسن 3. وغير التوكيد أيضًا جائز.\n\nوأبيات الإعراب1 كثيرة وليس على ذكرها وضعنا هذا الباب. ولكن اعلم أن البيت إذا تجاذبه أمران: زيغ الإعراب وقبح الزحاف فإن الجفاة الفصحاء لا يحفلون بقبح الزحاف إذا أدى إلى صحة الإعراب. كذلك قال2 أبو عثمان وهو كما ذكر. وإذا كان الأمر كذلك فلو قال في قوله 3:\n\nألم يأتيك والأنباء تنمي\n\nلكان أقوى قياسًا على ما رتبه أبو عثمان؛ ألا ترى أن الجزء كان يصير منقوصا لأنه يرجع إلى مفاعيل: ألم يأت مفاعيل. وكذلك بيت الأخطل:', 'سر-صناعة-الاعراب/المجلد2/\u200c\u200cباب-الألف-الساكنة\n\nالخصائص/مجلد2/باب-في-هذه-اللغة-أفي-وقت-واحد-وضعت-أم-تلاحق-تابع-منهابفارط\n\nالخصائص/مجلد1/باب-في-هل-يجوز-لنا-في-الشعر-من-الضرورة-ما-جاز-للعرب-أو-لا؟']",هو الإبانة عن المعاني بالألفاظ ألا ترى أنك إذا سمعت أكرم سعيد أباه وشكر سعيدًا أبوه علمت برفع أحدهما ونصب الآخر الفاعل من المفعول ولو كان الكلام شرجًا واحدًا لاستبهم أحدهما من صاحبه. فأما لفظه فإنه مصدر أعربت عن الشيء إذا أوضحت عنه؛ وفلان معرب عما في نفسه أي مبين له، وموضح عنه. وأصل هذا كله قولهم 'العرب ' وذلك لما يعزى إليها من الفصاحة، والإعراب والبيان,الإعراب في اصطلاح أهل العربية هو تغيير يلحق أواخر الكلمات العربية من غير تأثير العامل فيها، وذلك للدلالة على المعاني المختلفة التي تؤديها في التركيب. وهو باب واسع من أبواب النحو العربي، وله أهمية كبيرة في فهم النصوص وتوضيح المعاني. 
ما هي اللغة؟,"['', '']",أما حدها 'فإنها أصوات' يعبر بها كل قوم عن أغراضهم. هذا حدها.وأما تصريفها ومعرفة حروفها فإنها فعلة من لغوت. أي تكلمت وأصلها لغوة ككرة وقلة وثبة كلها لاماتها واوات لقولهم.,"اللغة هي عبارة عن نظام من الرموز الصوتية والكتابية التي يستخدمها البشر للتواصل وتبادل الأفكار والمعلومات. تعتبر اللغة أداة أساسية للتفاعل الاجتماعي والثقافي بين الأفراد والمجتمعات. تتكون اللغة من قواعد ومفردات وتركيبات نحوية تساعد على فهم وإنتاج الجمل والعبارات بشكل صحيح.

في سياق اللغة العربية، اللغة هي وسيلة التعبير عن الأفكار والمشاعر والآراء بين الناطقين بها. تتميز اللغة العربية بغناها اللغوي والأدبي والتاريخي، وتعتبر من أكثر اللغات انتشارًا في العالم.

إذا كان لديك سؤال محدد حول اللغة العربية أو قواعدها أو مفرداتها، فأنا عالم لغوي وسأكون سعيدًا للإجابة عليه بناءً على معرفتي وخبرتي في هذا المجال. "
كيف يتم الحكم على الكلمات عندما لا يوجد دليل أو نظير؟,"['فالجواب عن ذلك قد تقدم في حرف الهمزة من أول هذا الكتاب، فالأصل في هذين الموضعين إنما هو لام المعرفة المدخلة عليها الألف، ثم حملت الألف في إدخال اللام عليها على حكم لام المعرفة، وذلك أن اللفظ أسبق مرتبة من الخط، فَبِهِ بُدِئَ، ثم حمل الخط عليه.\n\nواعلم أن هذه الألف، أعني المدة الساكنة في نحو قامَ، وباعَ، وحمارٍ، وكتابٍ، وغزَا، ورَمَى، وحتَّى، وإلَّا، ومَا، ولا، لا تكون أصلا في الأسماء المتمكنة ولا الأفعال أبدًا، إنما تكون بدلا أو زائدًا، فأما الحروف التي جاءت لمعانٍ فإن الألفات فيها أصول، وكذلك الأسماء المبنية التي أوغلت في شبه الحرف، وسيأتيك ذلك مفصلا في أماكِنِه بإذن الله تعالى.\n\n\u200c\u200cكون الألف أصلا:\n\nفالجواب أن أمثلة الأفعال محصورة ضيقة، يحيط بها الوصف والتحجر1 عن قرب، فقد علم أن اللام لا يظن بها أنها من جملة المثال2. الذي دخلت عليه، والأسماء ليست كذلك لأنها كثيرة الأمثلة، منتشرة الموازين يمكن أن يظن بحروف الجر المفردة أنها مبنية مع بعضها، فلذلك احتاجوا إلى سمتها بالزيادة، ليؤمن فيها الإشكال3. ألا ترى أن قولك بعمرو، ولعمرو بوزن سبطر4 ودمثر، وأنت لو قلت، ليقم وليقعد لم تجد هنا مثالا من الأفعال يلتبس به هذان الفعلان.\n\nفهذا كله يسشهد بعلة تسميتهم هذه الحروف زوائد، ويحتج عمن عبر عنهم بهذه العبارة، فأما حذاق أصحابنا فلا يسمونها بذلك، بل يقولون في الباء واللام إنهما حرفا الإضافة، وفي الكاف حرف جر، وحرف تشبيه.\n\nاعلم أن المذهب هو هذا الذي ذكرناه والعمل عليه والوصية به. فإذا شاهدت ظاهرًا يكون مثله أصلا أمضيت الحكم على ما شاهدته من حاله، وإن أمكن أن تكون الحال في باطنه بخلافه؛ ألا ترى أن سيبويه حمل3 سيدًا على أنه مما عينه ياء فقال في تحقيره: سييد4، كديك ودييك وفيل وفييل. وذلك أن عين الفعل5 لا ينكر أن تكون ياء وقد وجدت في سيد ياء فهي في6 ظاهر أمرها إلى أن يرد ما يستنزل عن بادي حالها.\n\nفإن قلت: فإنا لا نعرف في الكلام تركيب ""س ي د "" فهلا لما لم يجد1 ذلك، حمل الكلمة على ما في الكلام مثله وهو ما عينه من هذا اللفظ واو، وهو السواد، والسودد2، ونحو ذلك؟\n\nقيل: هذا يدلك على قوة الظاهر عندهم وأنه إذا كان مما تحتمله القسمة، وتنتظمه القضية، حكم به وصار أصلًا على بابه. وليس يلزم إذا قاد الظاهر إلى إثبات حكم تقبله الأصول ولا تستنكره ألا3 يحكم به حتى يوجد له نظير. وذلك أن النظير -لعمري- مما يؤنس به فأما ألا تثبت الأحكام إلا به فلا ألا ترى أنه4 قد أثبت في الكلام فعُلت تفعَل وهو كدت5 تكاد وإن لم يوجدنا6 غيره وأثبت بإنقحل7 باب ""إنفعل "" وإن لم يحك هو غيره وأثبت بسخاخين8 ""فُعاعِيلا"" وإن لم يأت بغيره.', 'سر-صناعة-الاعراب/المجلد2/\u200c\u200cباب-الألف-الساكنة\n\nسر-صناعة-الاعراب/المجلد1/\u200c\u200cباب-الباء\n\nالخصائص/مجلد1/باب-في-الرد-على-من-ادعى-على-العرب-عنايتها-بالألفاظ-وإغفالها-المعاني']",وأما إن لم يقم الدليل ولم يوجد النظير فإنك تحكم مع عدم النظير. وذلك كقولك في الهمزة والنون من أندلس: إنهما زائدتان، وإن وزن الكلمة بهما 'أنفعُل' وإن كان مثالا لا نظير له. وذلك أن النون لا محالة زائدة؛ لأنه ليس في ذوات الخمسة شيء على 'فعلَلُل' فتكون النون فيه أصلا لوقوعها موقع العين.,إذا لم يوجد دليل أو نظير في بعض الكلمات، فإن الحكم عليها يعتمد على ظاهر أمرها وما تحتمله القسمة وتنتظمه القضية. الظاهر يعتبر قويًا في هذا السياق، وإذا كان مما تقبله الأصول ولا تستنكره، فإنه يحكم به ويصبح أصلًا على بابه. ليس من الضروري وجود نظير لإثبات الأحكام، فالأحكام قد تثبت بناءً على الظاهر والقسمة التي تحتملها القضية. هذا النهج يظهر قوة الظاهر في اللغة العربية وأهمية الاعتماد عليه عند غياب الدليل أو النظير. 
ما هما الضربان الذين تُقسم إليهما مقاييس العربية؟,"['', '']",وهي ضربان: أحدهما معنوي والآخر لفظي. وهذان الضربان وإن عمّا وفشوا في هذه اللغة فإن أقواهما وأوسعهما هو القياس المعنوي.,"الحمد لله رب العالمين، والصلاة والسلام على سيد المرسلين، وعلى آله وصحبه أجمعين. أما بعد،

فإن مقاييس العربية تنقسم إلى ضربين:

1. الأول: هو ما يُعرف بالقياس الأصلي، وهو القياس الذي يُبنى على استقراء النصوص اللغوية الفصيحة واستنباط القواعد منها. وهذا النوع من القياس يُعتبر أساسًا لبناء قواعد اللغة العربية.

2. الثاني: هو القياس الفرعي، وهو القياس الذي يُبنى على القياس الأصلي ويُعتمد على الاجتهاد والتأويل. يُستخدم هذا النوع من القياس لتوسيع نطاق اللغة العربية ومواكبة التطورات اللغوية والثقافية.

يجب أن يُراعى في كلا النوعين من القياس أن يكون مستندًا إلى النصوص اللغوية الفصيحة والموثوقة، وأن يُحترم قواعد اللغة العربية وأصولها.

هذا ما تيسر لي بيانه في هذا المقام، والله أعلم بالصواب. "
ما هي الأسباب المانعة من الصرف، وكيف تم تقسيمها؟,"['فالجواب أن السبب الواحد وإن لم يقو حكمه إلى2 أن يمنع الصرف فإنه لا بد في حال انفراده من تأثير فيما حله وذلك التأثير الذي نوميء إليه وندعي حصوله هو تصويره3 الاسم الذي حله على صورة ما إذا انضم إليه سبب آخر اعتونا معًا على منع الصرف ألا ترى أن الأول لو لم تجعله4 على هذه الصفة التي قدمنا ذكرها لكان مجيء الثاني مضمومًا إليه لايؤثر أيضًا كما لم يؤثر الأول ثم كذلك إلى أن تفنى أسباب منع الصرف فتجتمع كلها فيه وهو مع ذلك منصرف. لا بل دل تأثير الثاني على أن الأول قد كان شكل الاسم على صورة إذا انضم إليه سبب آخر انضم إليها مثلها وكان من مجموع الصورتين ما يوجب ترك الصرف.\n\nفإن قلت: ما تقول في اسم أعجمي علم في بابه مذكر متجاوز للثلاثة نحو يوسف وإبراهيم ونحن نعلم أنه الآن غير مصروف لاجتماع التعريف والعجمة عليه فلو سميت به من بعد مؤثنًا ألست قد جمعت فيه بعد ما كان عليه -من التعريف والعجمة- التأنيث فليت شعري أبالأسباب الثلاثة منعته الصرف أم باثنتين منها؟\n\nفهذا ونحوه أحد ضربي الحكم المعلول بعلتين الذي لا نظر فيه.\n\nوالآخر منهما ما فيه النظر وهو باب ما لا ينصرف. وذلك أن علة امتناعه من الصرف إنما هي لاجتماع شبهين فيه من أشباه الفعل. فأما السبب الواحد فيقل عن أن يتم5 علة بنفسه حتى ينضم إليه الشبه الآخر من الفعل.\n\nفإن قيل: فإذا كان في الاسم شبه واحد من أشباه الفعل أله فيه تأثير أم لا؟ فإن كان له فيه تأثير فماذا التأثير؟ وهل صرف زيد1 إلا كصرف كلب وكعب؟ وإن لم يكن للسبب الواحد إذا حل الاسم تأثير فيه فما باله إذا انضم إليه سبب آخر أثرا فيه فمعناه الصرف؟ وهلا إذا كان السبب الواحد لا تأثير له فيه لم يؤثر فيه الآخر كما لم يؤثر فيه الأول؟ وما الفرق بين الأول والآخر؟ فكما لم يؤثر الأول هلا لم يؤثر الآخر؟\n\nفإن سأل سائل، فقال: غُدوةُ إنما وقعت في كلامهم معرفة، وإنما غَداةٌ هي النكرة، ألا تراك تقول: {بِالْغَدَاةِ وَالْعَشِيِّ} [الأنعام: 52] فتعرفها باللام، ولا تقول: ""بالغُدْوَةِ والعَشِيّ"" إلا في قراءة شاذة1، فإذا كان ذلك كذلك فما بالهم صرفوها مع لَدُن البتة، وأجمعوا على ترك الصرف الذي هو الشائع من أمرها مع غير لَدُن؟\n\nفالجواب عندي أنهم إنما أجمعوا على صرفها لأمرين:\n\nأحدهما: كثرة الاستعمال، لأنهم لما كثر استعمالهم إياه أشد تغييرًا.\n\nوالآخر: أنهم لو لم يصرفوها لقالوا: لَدُن غُدْوة، فتفتح الهاء، فلا يعلم أمنصوبة هي أم مجرورة، ألا ترى أن ما لا ينصرف نصبه وجره بلفظ واحد، نحو: رأيت عمرَ، ومررت بعمرَ، فلما اعتزموا نصب غدوة بعد لدن وإخراجها لكثرة الاستعمال عن حال نظائرها صرفوها ليكون ظهور التنوين مع الفتحة يحقق ما نووه واعتقدوه من النصب، ويزيل الشبهة عن المسامع، فلا يظن أنها مجرورة غير منصوبة.\n\nفإن قلت: فمن رفع فقال: لَدُن غُدْوةٌ، أو جر، فقال: لَدُن غُدْوةٍ، ما الذي دعاه إلى الصرف؟ ولو لم يصرف فقال: لَدُن غُدْوةُ، ولَدُن غُدْوةَ لعلم أنه قد جرَّ تارةً، ورفع أخرى؟', 'الخصائص/مجلد1/باب-في-حكم-المعلول-بعلتين\n\nالخصائص/مجلد1/باب-في-حكم-المعلول-بعلتين\n\nسر-صناعة-الاعراب/المجلد2/\u200c\u200cباب-النون']",ألا ترى أن الأسباب المانعة من الصرف تسعة: واحد منها لفظي وهو شبه الفعل لفظًا، نحو أحمد ويرمع وتنضب وإثمد وأبلم وبقم وإستبرق والثمانية الباقية كلها معنوية كالتعريف والوصف والعدل والتأنيث وغير ذلك.,"الحمد لله رب العالمين، والصلاة والسلام على سيد المرسلين، وعلى آله وصحبه أجمعين.

أما بعد، فإن الأسباب المانعة من الصرف هي تلك التي تحول دون أن يأخذ الاسم حركة الفتحة في آخره. وتنقسم هذه الأسباب إلى قسمين:

1. الأسباب المعنوية: وهي التي تتعلق بالمعنى ولا تظهر في اللفظ، وتشمل:
   أ. العلمية: وهي أن يكون الاسم علمًا، أي اسمًا لشخص أو مكان أو زمان أو حيوان أو غير ذلك.
   ب. الوصفية: وهي أن يكون الاسم وصفًا، أي يعبر عن صفة أو خاصية.
   ج. التأنيث: وهو أن يكون الاسم مؤنثًا، سواء كان حقيقيًا أو مجازيًا.
   د. العجمة: وهي أن يكون الاسم مأخوذًا من لغة غير العربية.
   هـ. التركيب: وهو أن يتكون الاسم من كلمتين أو أكثر.
   و. العدل: وهو أن يكون الاسم معدولًا عن صيغة أخرى.
   ز. الجمع: وهو أن يكون الاسم جمعًا، سواء كان جمع تكسير أو جمع مذكر سالم أو جمع مؤنث سالم.

2. الأسباب اللفظية: وهي التي تتعلق باللفظ وتظهر في الكتابة، وتشمل:
   أ. الزيادة: وهي أن يكون الاسم مكونًا من أكثر من ثلاثة أحرف.
   ب. العدل: وهو أن يكون الاسم معدولًا عن صيغة أخرى.
   ج. التأنيث: وهو أن يكون الاسم مؤنثًا، سواء كان حقيقيًا أو مجازيًا.
"
كيف تم التعامل مع النصب في الجمع والتثنية؟,"['وحركة نون التثنية كسرة، وحركة نون الجمع الذي على حد التثنية فتحة، نحو الزيدانِ والزيدونَ، وكلتاهما محركة لالتقاء الساكنين، وخالفوا الحركة للفرق بين التثنية والجمع، وكانت نون التثنية أولى بالكسر من نون الجمع لأن قبلها ألفا، وهى خفيفة، والكسرة ثقيلة، فاعتدلا، وقبل نون الجمع واو أو ياء، وهي ثقيلة، ففتحوا النون ليعتدل الأمر.\n\nفالجواب: أنهم لما أوجبوا صرفها وهي منصوبة، وهو الأكثر من أحوالها، حملوا المرفوعة والمجرورة لقلة الرفع فيها والجر على النصب الذي قد شاع وكثر، كما حملوا أَعِدُ ونَعِدُ وتَعِدُ على يَعِدُ، هذا مع ما قدمناه من تغييرهم لما كثر استعماله عن حال نظائره.\n\nفإن قلت: وكيف يجوز لك أن تحمل الرفع على النصب وأنت تعلم أن الرفع في كل الأحوال أسبق في المرتبة من النصب؟ أفيحسن أن يحمل الأصل على الفرع؟ وما الفرق بينك وبين الفراء في حمله فتحة فَعَلَ الذي هو للواحد على فتحة فَعَلَا الذي هو للتثنية؟\n\nفالجواب: أن الرفع بعد لدن في قول من قال: لَدُن غُدْوةٌ، إنما هو في الحقيقة فرع ههنا ودخيل على النصب، وإن كان في غير هذا الموضع متقدمًا في الرتبة للنصب والجر، وذلك أن قولنا: لَدُن غُدْوةٌ إنما هو ظرف وفضلة تتبع الجملة أبدًا، فهو من\n\nمواضع النصب، وليس للرفع في الفضلة حظ، فالنصب إذن أمكن في هذا الموضع من الرفع، فلذلك جاز أن يحمل الرفع هنا على النصب.\n\nوالجمع نحو الزيدون والمسلمين.\n\nوأعربوا بالنون أيضًا، فرفعوا بها في الفعل: يقومان ويقومون وتقومين4 فالنون في هذا نائبة عن الضمة في يفعل. وكما أن ألف التثنية وواو الجمع نائبتان عن الضمة والياء، فهما نائبتان عن الكسرة والفتحة، وإنما الموضع في الإعراب للحركات، فأما الحروف فدواخل عليها.\n\nوليس من هذا الباب إشباع الحركات في نحو منتزاح، وأنظور، والمطافيل، لأن الحركة في نحو هذا لم تحذف وأنيب الحرف عنها بل هي موجودة5 ومزيد فيها لا6 منتقص منها.', 'سر-صناعة-الاعراب/المجلد2/\u200c\u200cباب-النون\n\nسر-صناعة-الاعراب/المجلد2/\u200c\u200cباب-النون\n\nالخصائص/مجلد3/\u200c\u200cباب-في-مطل-الحروف']",ألا ترى أنهم لما أعربوا بالحروف في التثنية والجمع الذي على حده فأعطوا الرفع في التثنية الألف والرفع في الجمع الواو والجر فيهما الياء وبقي النصب لا حرف له فيماز به، جذبوه إلى الجر فحملوه عليه دون الرفع لتلك الأسباب المعروفة هناك فلا حاجة بنا هنا إلى الإطالة بذكرها.,"في الجمع والتثنية، تم التعامل مع النصب على النحو التالي:

1. في حالة الجمع، إذا كان الجمع جمع مذكر سالمًا أو جمع مؤنث سالمًا، يتم نصب الجمع بالياء في حالة الجر والنصب، مثل: رأيت المعلمينَ والطلابَ.

2. في حالة التثنية، يتم نصب المثنى بالياء في حالة الجر والنصب، مثل: رأيت الزيدينِ والطلابَ.

وهذا التعامل مع النصب في الجمع والتثنية يعتبر صوابًا وفقًا لقواعد النحو العربي. "
كيف يرتبط القياس اللفظي بالمعنى؟,"['ومحصول الحديث فالعمل من الرفع والنصب والجر والجزم إنما هو للمتكلم نفسه لا لشيء غيره. وإنما قالوا: لفظي ومعنوي لما ظهرت آثار فعل المتكلم بمضامة اللفظ للفظ أو باشتمال المعنى على اللفظ. وهذا واضح.\n\nواعلم أن القياس اللفظي إذا تأملته لم تجده عاريًا من اشتمال المعنى عليه؛ ألا ترى أنك إذا سئلت عن ""إن "" من قوله 1:\n\nورج الفتى للخير ما إن رأيته … على السن خيرًا لا يزال يزيد\n\nفإنك قائل: دخلت على "" ما"" -وإن كانت ""ما "" ههنا مصدرية- لشبهها لفظًا بما النافية التي تؤكد بإن من قوله2:\n\nما إن يكاد يخليهم لوجهتهم … تخالج الأمر إن الأمر مشترك\n\nوشبه اللفظ بينهما يصير ""ما "" المصدرية إلى أنها كأنها "" ما "" التي معناها النفي أفلا ترى أنك لو لم تجذب إحداهما إلى أنها كأنها بمعنى الأخرى لم يجز لك إلحاق ""إن"" بها.\n\nفالمعنى إذًا أشيع وأسير حكمًا من اللفظ؛ لأنك في اللفظي متصور لحال المعنوي ولست في المعنوي بمحتاج إلى تصور حكم اللفظي. فاعرف ذلك.\n\n\u200c\u200cباب في مقاييس العربية:\n\nوهي ضربان: أحدهما معنوي والآخر لفظي. وهذان الضربان وإن عمّا وفشوا في هذه اللغة فإن أقواهما وأوسعهما هو القياس المعنوي ألا ترى1 أن الأسباب المانعة من الصرف تسعة: واحد منها2 لفظي وهو شبه الفعل لفظًا، نحو أحمد ويرمع3 وتنضب3 وإثمد وأبلم3 وبقم3 وإستبرق والثمانية الباقية كلها معنوية كالتعريف والوصف والعدل والتأنيث وغير ذلك. فهذا دليل.\n\nومثله اعتبارك باب الفاعل والمفعول به بأن تقول: رفعت هذا لأنه فاعل ونصبت هذا لأنه مفعول. فهذا اعتبار معنوي لا لفظي. ولأجله ما كانت4 العوامل اللفظية راجعة في الحقيقة إلى أنها معنوية؛ ألا تراك إذا قلت: ضرب سعيد جعفرًا فإن "" ضرب"" لم تعمل في الحقيقة شيئًا وهل تحصل من قولك ضرب إلا على اللفظ بالضاد والراء والباء على صورة فعل فهذا هو الصوت والصوت مما لا يجوز أن يكون منسوبًا إليه الفعل.\n\nوإنما قال النحويون: عامل لفظي وعامل معنوي ليروك أن بعض العمل يأتي مسببًا عن لفظ يصحبه كمررت بزيد وليت عمرًا قائم وبعضه يأتي عاريًا من مصاحبة لفظ يتعلق به كرفع المبتدأ بالابتداء، ورفع الفعل لوقوعه موقع الاسم؛ هذا ظاهر الأمر، وعليه صفحة القول. فأما6 في الحقيقة\n\nووجه جوازه من قبل2 القياس أنك إنما تستنكر اجتماع تقديرين مختلفين لمعنيين متفقين؛ وذلك كأن تروم أن تدل على قوة اتصال حرف الجر بالفعل فتعتده تارة كالبعض له والأخرى كالبعض للاسم. فهذا ما لا يجوز مثله لأنه لا يكون كونه كبعض الاسم دليلا على شدة امتزاجه بالفعل لكن لما اختلف المعنيان جاز أن يختلف التقديران فاعرف ذلك فإنه مما يقبله القياس ولا يدفعه.\n\nومثل ذلك قولهم: ""لا أبا لك "" فههنا تقديران مختلفان لمعنيين مختلفين. وذلك أن ثبات3 الألف في ""أبا "" من ""لا أبا لك "" دليل الإضافة فهذا وجه. ووجه آخر أن ثبات اللام وعمل ""لا "" في هذا الاسم يوجب التنكير والفصل. فثبات الألف دليل الإضافة والتعريف ووجود اللام دليل الفصل والتنكير. وليس هذا في الفساد والاستحالة بمنزلة فساد تحقير مثال الكثرة الذي جاء فساده من قبل تدافع حاليه. وذلك أن وجود ياء التحقير يقتضي4 كونه دليلا على القلة وكونه مثالا موضوعًا للكثرة دليل على الكثرة وهذا يجب منه أن يكون الشيء الواحد في الوقت الواحد قليلا كثيرًا. وهذا ما لا يجوز لأحد اعتقاده.', 'الخصائص/مجلد1/باب-في-مقاييس-العربية\n\nالخصائص/مجلد1/باب-في-مقاييس-العربية\n\nالخصائص/مجلد1/باب-في-التقديرات-المختلفين-لمعنيين-مختلفين']",واعلم أن القياس اللفظي إذا تأملته لم تجده عاريًا من اشتمال المعنى عليه؛ ألا ترى أنك إذا سئلت عن 'إن' من قوله: ورج الفتى للخير ما إن رأيته … على السن خيرًا لا يزال يزيد فإنك قائل: دخلت على 'ما' -وإن كانت 'ما' ههنا مصدرية- لشبهها لفظًا بما النافية التي تؤكد بإن من قوله: ما إن يكاد يخليهم لوجهتهم … تخالج الأمر إن الأمر مشترك.,"القياس اللفظي في العربية مرتبط بالمعنى ارتباطًا وثيقًا، وذلك لأن المعنى هو الغاية من استعمال الألفاظ وترتيبها. إذا تأملت القياس اللفظي، تجد أنه لا يخلو من اشتمال المعنى عليه. على سبيل المثال، في قول الشاعر:

ورج الفتى للخير ما إن رأيته ... على السن خيرًا لا يزال يزيد

عندما تسأل عن ""إن"" في هذا البيت، فإنك تقول: دخلت على ""ما"" -وإن كانت ""ما"" هنا مصدرية- لشبهها لفظًا بما النافية التي تؤكد بإن من قوله:

ما إن يكاد يخليهم لوجهتهم ... تخالج الأمر إن الأمر مشترك

وشبه اللفظ بينهما يصير ""ما"" المصدرية إلى أنها كأنها ""ما"" التي معناها النفي.

في هذا المثال، تجد أن القياس اللفظي (دخول ""إن"" على ""ما"") مرتبط بالمعنى (تأكيد النفي)، حيث يؤدي الشبه اللفظي بين ""ما"" المصدرية و""ما"" النافية إلى توجيه المعنى.

إذاً، المعنى هو الذي يوجه القياس اللفظي ويجعله مقبولًا ومفهومًا. وهذا يدل على أن المعنى أشيع وأسير حكمًا من اللفظ في اللغة العربية. "
كيف يتم حذف الجملة في اللغة العربية؟,"['الإجماع والسنّة جاز حذفه تخفيفًا. وأما1 لو عريت الحال من هذه القرينة وتجرَّد الأمر دونها لما جاز حذف الحال على وجه.\n\nولم أعلم المصدر حذف في موضع، وذلك أن2 الغرض فيه إذا تجرَّد من الصفة أو التعريف أو عدد المرات فإنما هو لتوكيد الفعل، وحذف المؤكَّد لا يجوز.\n\nوإنما كلامنا على حذف ما يحذف وهو مراد، فأما حذفه إذا لم يرد فسائغ لا سؤال فيه، وذلك كقولنا: انطلق زيد، ألا ترى هذا كلامًا تامًّا، وإن لم تذكر معه شيئًا من الفضلات مصدرًا ولا ظرفًا ولا حالًا ولا مفعولًا له ولا مفعولًا معه ولا غيره. وذلك أنك3 لم ترد الزيادة في الفائدة بأكثر من الإخبار عنه بانطلاقه دون غيره.\n\nحذف الفعل:\n\nحذف الفعل على ضربين:\n\nأحدهما: أن تحذفه والفاعل فيه. فإذا وقع ذلك فهو حذف جملة، وذلك نحو: زيدًا ضربته؛ لأنك أردت: ضربت زيدًا، فلمَّا أضمرت ""ضربت"" فسَّرته بقولك: ضربته، وكذلك قولك 4: أزيدًا مررت به، وقولهم: المرء مقتول بما قَتَل به، إن سيفًا فسيف، وإن خنجرًا فخنجر، أي: إن كان الذي قَتَل به سيفًا فالذي يُقتل به سيف، فكان واسمها وإن لم تكن مستقلة5 فإنها تعتد اعتداد الجملة.\n\n""أن "" الاسم فزيدت ""ما "" ، فصارت عوضًا من الفعل ومصلحة للفظ لنزول مباشرة ""أن"" الاسم. وعليه بيت الكتاب:\n\nأبا خراشة أما أنت ذا نفر … فإن قومي لم تأكلهم الضبع1\n\nأي: لأن كنت ذا نفر قويت وشدّدت والضبع هنا السنة الشديدة.\n\nفإن قلت: بم2 ارتفع وانتصب ""أنت منطلقًا""؟\n\nقيل: ب""ما""3؛ لأنها عاقبت الفعل الرافع الناصب، فعملت عمله من الرفع والنصب، وهذه طريقة أبي علي وجُلَّة أصحابنا من قبله في4 أنَّ الشيء إذا عاقب الشيء ولي من الأمر ما كان المحذوف يليه. من5 ذلك الظرف إذا تعلّق بالمحذوف6 فإنه يتضمّن الضمير الذي كان فيه، ويعمل ما كان يعمله: من نصبه الحال والظرف، وعلى ذلك صار قوله: ""فاه إلى فيّ"" من قوله: ""كلمته فاه إلى في"" ضامنًا للضمير الذي كان في ""جاعلًا"" لما عاقبه. والطريق واضحة فيه متلئبة.\n\nحذف الحرف:\n\nقد حذف الحرف في الكلام على ضربين: أحدهما حرف زائد7 على الكلمة مما يجيء لمعنى، والآخر حرف من نفس الكلمة، وقد تقدَّم فيما مضى ذكر حذف هذين الضربين بما أغنى عن إعادته.\n\nومضت الزيادة في الحروف وغيرها.\n\nفصل في التقديم والتأخير:\n\nأي: من يتكل عليه. فحذف ""عليه"" هذه، وزاد ""على"" متقدّمة، ألا ترى أنه يعتمل1 إن لم يجد من يتكل عليه. وندع ذكر قول غيره ههنا. وكذلك قول الآخر 2:\n\nأولى فأولى يا امرأ القيس بعدما … خصفن بآثار المطيّ الحوافرا\n\nأي: خصفن بالحوافر آثار المطيّ، يعني: آثار أخفافها. فحذف الباء من ""الحوافر""، وزاد أخرى عوضًا منها في ""آثار المطي"".\n\nهذا على قول من لم يعتقد القلب، وهو أمثل، فما وجدت مندوحة عن القلب لم ترتكبه.\n\nوقياس هذا الحذف والتعويض قولهم: بأيهم تضرب أمرر، أي: أيهم تضرب أمرر به.', 'الخصائص/مجلد2/\u200c\u200cباب-في-شجاعة-العربية\n\nالخصائص/مجلد2/\u200c\u200cباب-في-شجاعة-العربية\n\nالخصائص/مجلد2/\u200c\u200cباب-في-زيادة-الحرف-عِوضًا-من-آخر-محذوف']",فأمَّا الجملة فنحو قولهم في القسم: والله لا فعلت، وتالله لقد فعلت. وأصله: أقسم بالله، فحذف الفعل والفاعل وبقيت الحال -من الجار والجواب- دليلًا على الجملة المحذوفة.,"في اللغة العربية، يتم حذف الجملة لأغراض بلاغية ومعنوية. من أمثلة ذلك:

١. حذف الجملة إذا دلّ عليها دليل: كما في قوله تعالى: ""فَقُلْنَا اضْرِبُوهُ بِبَعْضِهَا كَذَلِكَ يُحْيِي اللَّهُ الْمَوْتَى وَيُرِيكُمْ آيَاتِهِ لَعَلَّكُمْ تَعْقِلُونَ"" (البقرة: 73). التقدير: فضربوه ببعضها فأحياه الله، فحذفت الجملة لدلالة السياق عليها.

٢. حذف الجملة في باب الاشتغال: كما في قولك: ""زيدًا ضربته"". التقدير: ضربت زيدًا ضربته، فحذفت الجملة الأولى لدلالة الجملة الثانية عليها.

٣. حذف الجملة في باب التنازع: كما في قولك: ""زيدًا مررت به"". التقدير: مررت بزيد مررت به، فحذفت الجملة الأولى لدلالة الجملة الثانية عليها.

٤. حذف الجملة في باب الحذف والإيصال: كما في قولك: ""أين زيد؟"" التقدير: أين زيد موجود؟ فحذفت الجملة لدلالة حرف الجر ""أين"" عليها.

في كل هذه الأمثلة، يتم حذف الجملة لدلالة السياق أو دليل آخر عليها، مما يجعل الكلام موجزًا ومعبرًا عن المعنى المراد إيصاله. "
ماذا كان رأي أبو العباس في عدد حروف المعجم، ولماذا؟,"['\u200c\u200cباب أسماء الحروف:\n\nوأجناسها، ومخارجها، ومدارجها، وفروعها المستحسنة، وفروعها المسقبحة، وذكر خلاف العلماء فيما مستقصى مشروحا:\n\nاعلم أن أصول حروف المعجم عند الكافة1 تسعة وعشرون حرفا. فأولها الألف. وآخرها الياء، على المشهور من ترتيب حروف المعجم، إلا أبا العباس، فإنه كان يعدها ثمانية وعشرين حرفا، ويجعل أولها الباء، ويدع الألف من أولها، ويقول: هي همزة، ولا تثبت على صورة واحدة، وليست لها صورة مستقرة، فلا أعتدها مع الحروف التي أشكالها محفوظة معروفة.\n\nوهذا الذي ذهب إليه أبو العباس2 غير مرضي منه عندنا، وسأوضح القول فيه بإذن الله.\n\nاعلم أن الألف التي في أول حروف المعجم هي صورة الهمزة، وإنما كتبت الهمزة واوا مرة وياء أخرى على مذهب أهل الحجاز في التخفيف3، ولو أريد تحقيقها البتة، لوجب أن تكتب ألفا على كل حال، يدل على صحة ذلك أنك إذا أوقعتها موقعا لا يمكن فيه تخفيفا، ولا تكون فيه إلا محققه، لم يجز أن تكتب إلا ألفا، مفتوحة كانت أو مضمومة أو مكسورة، وذلك إذا وقعت أولا، نحو: أخذ، وأخذ، وإبراهيم، فلما وقعت موقعا لا بد فيه من تحقيقها اجتمع على كتبها ألفا البتة4.\n\nوعلى هذا1 وجدت في بعض المصاحف: ""يَسْتَهْزِأُون"" بالألف قبل الواو.\n\nووجد فيها أيضا: ""وإنْ مِنْ شَيْأٍ إلا يُسبِّحُ بِحَمْدِه""2 بالألف بعد الياء. وإنما ذلك لتوكيد التحقيق.\n\nوهذه علة في الهمزة كنت قديما، أنا رأيتها، ثم غبرت3 زمانا، فرأيت بعض كلام أبي بكر محمد بن السري رحمه الله، وقد أوردها فيه غير مسنده إلى غيره، ثم إني رأيتها بعد ذلك في بعض كلام الفراء، فلا أدري: أاصاب أبا بكر مع الفراء ما أصابني أنا من المواردة4 له، أم هو شيء سمعه، فحكاه واعتقده؟ وهي دلالة قاطعة قوية.\n\nوفيه دلالة أخرى، وهي أن كل حرف سميته ففي أول حروف تسميته لفظه بعينه، ألا ترى أنك إذا قلت: جيم، فأول حروف الحرف ""جيم"" وإذا قلت دال، فأول حروف الحرف ""دال"" وإذا قلت حاء، فأول ما لفظت به حاء، وكذلك إذا قلت ألف، فأول الحروف التي نطقت بها همزة. فهذه دلالة أخرى غريبة، على كون صورة الهمزة مع التحقيق ألفا.\n\nفأما المدة التي في نحو: قام وسار وكتاب وحمار، فصورتها أيضا صورة الهمزة المحققة، التي في أحمد وإبراهيم وأترجة5، إلا أن هذه الألف لا تكون إلا ساكنة، فصورتها وصورة الهمزة المتحركة واحدة وإن اختلف مخرجاهما، كما أن النون الساكنة في نحو: من وعن، والنون المحركة في نحو: نعم ونفر، تسمى كل واحدة منهما نونا، وتكتبان شكلا واحدا، ومخرج الساكنة من الخياشيم6، ومخرج المتحركة من\n\nالفم، كما أن مخرج الألف المتحركة التي هي همزة من المصدر، ومخرج الألف فوقها من أول الحلق، فهاتان ها هنا كتينك هناك.\n\nفأما إخراج أبي العباس الهمزة من جملة الحروف، واحتجاجه في ذلك بأنها لا تثبت صورتها، فليس بشيء، وذلك أن جميع هذه الحروف إنما وجب إثباتها واعتدادها لما كانت موجودة في اللفظ الذي هو قبل الخط، والهمزة أيضا موجودة في اللفظ، كالهاء والقاف وغيرهما، فسبيلها أن تعتد حرفا كغيرها، فأما انقلابها في بعض أحوالها لعارض يعرض لها من تخفيف أو بدل، فلا يخرجها من كونها حرفا، وانقلابها أدل دليل على كونها حرفا، ألا ترى أن الألف والواو والياء والتاء والهاء والنون وغيرهن قد يقلبن في بعض الأحوال، ولا يخرجهن ذلك من أن يعتددن حروفا، وهذ أمر وضح غير مشكل1.\n\nواعلم أن واضع حروف الهجاء لما لم يمكنه أن ينطبق بالألف التي هي مدة ساكنة، لأن الساكن لا يمكن الابتداء به، دعمها باللام قبلها متحركة، ليمكن الابتداء بها. فقال: هـ، و، لا، ي. فقوله ""لا"" بزنة ما، ويا، ولا تقل كما يقول المعلمون: لام ألف. وذلك أن واضع الخط لم يرد أن يرينا كيف أحوال هذه الحروف إذا تركب بعضها مع بعض، ولو أراد ذلك، لعرفنا أيضا كيف تتركب الطاء مع الجيم والسين مع الدال، والقاف مع الظاء، وغير ذلك مما يطول تعداده، وإنما مراده ما ذكرت لك، من أنه لما لم يمكنه الابتداء بالمدة الساكنة، ابتدأ باللام، ثم جاء بالألف بعدها ساكنة، ليصح لك النطق بها كما صح لك النطق بسائر الحروف غيرها، وهذا واضح.\n\nفإن قال قائل: فلم اختيرت لها اللام دون سائر الحروف؟ وهلا جيء لها بهمزة الوصل، كما فعل العرب ذلك بالساكن لما لم يمكن ابتداؤه، نحو: اضرب، اذهب، انطلق، وغير ذلك؟\n\nفالجواب: أن همزة الوصل لو جيء بها قبل الألف توصلا إلى النطق بالألف الساكنة، لما أمكن ذلك، ولادتهم الحال إلى نقض الغرض الذي قصدوا له.\n\nوذلك أن همزة الوصل كانت تأتي مكسورة، كما جرت العادة فيها، ولو كسرت قبلها لانقلبت الألف ياء، لانكسار ما قبلها، فكنت تقول: ""اي""، فلا تصل إلى الألف التي اعتمدتها1. فلما لم يجز ذلك عدلوا إلى اللام من بين سائر الحروف، لما أذكره لك.\n\nوذلك أن واضع الخط أجراه في هذا على اللفظ، لأنه أصل للخط، والخط فرع على اللفظ، فلما رآهم قد توصلوا إلى النطق بلام التعريف، بأن قدموا قبلها ألفا نحو: الغلام والجارية، لما لم يمكن الابتداء باللام الساكنة كذلك أيضا، قدم قبل الألف في ""لا""، لاما، توصلا إلى النطق بالألف الساكنة، فكان في ذلك ضرب من المعاوضة2 بين الحرفين. وهذا بإذن الله غير مشكل.\n\nفإذا كنا قد أجمعنا إيراد حروف المعجم على ما في أيدي الناس من التأليف المشهور، أعني على غير ترتيب المخارج، وذكرها حرفا حرفا، فليس ذلك بمانع لنا سوقها على ترتيب المخارج، فإنه أوضح في البيان، ثم نعود فيما بعد إلى استقرائها على تأليف أب ت ث، إلى أن نأتي بإذن الله على جميعها.\n\nقيل: إنما جاز ذلك في ""ليت "" و ""كأن ""4 لما اجتمع فيهما: وهو أن كل واحدة منهما فيها معنى الفعل ""من التمني""5 والتشبيه، ""وأيضًا""6 فكل ""واحدة""7 منهما\n\nرافعة وناصبة كالفعل القويّ المتعدي، وكل واحدة منهما متجاوزة عدد الاثنين، فأشبهت بزيادة عدتها الفعل، وليس كذلك ما كان على حرف، ولا ما كان على حرفين؛ لأنه لم يجتمع فيه ما اجتمع في ليت ولعل.\n\nولهذا كان ما ذهب إليه أبو العباس: من أن ""إلّا"" في الاستثناء هي الناصبة؛ لأنها نابت عن ""أستثنى""، و""لا أعني"" مردودًا عندنا لما في ذلك من تدافع الأمرين: الإعمال المبقِّي حكم الفعل، والانصراف عنه إلى الحرف1 المختصر به القول.\n\nنعم، وإذا كانت هذه الحروف تضعف وتقلّ عن العمل في الظروف2، كانت من العمل في الأسماء الصريحة القوية التي ليست ظروفًا ولا أحوالًا ولا تمييزًا لاحقًا بالحال اللاحقة بالظروف أبعد.\n\nفإن قلت: فقد قالوا: يا عبد الله، ويا خيرًا من زيد، فأعملوا ""يا"" في الاسم الصريح وهي حرف، فكيف القول3 في ذلك؟\n\nوهذا أيضًا من لطيف ما حصلته عنه، فافهمه.\n\nفإن قلت: فإذا كانت الدلالة قد صحت على قول سيبويه أنه لا تقدير إعراب في حرف الإعراب من التثنية، فما كانت الحاجة من العرب إلى ذلك، وما السر، وما السبب الذي أوجب ذلك فيها؟\n\nفالجواب: أنهم لو اعتقدوا في حرف إعراب التثنية تقدير حركة كما يعتقدونه في حرف الإعراب من المقصور، لوجب أن تقر الألف في الأحوال الثلاث على صورة واحدة كما يقر حرف الإعراب من المقصور على حال واحدة في رفعه ونصبه وجره، ولو فعلوا ذلك فقالوا: قام الزيدان، وضربت الزيدان، ومررت بالزيدان، لدخل الكلام من الإشكال والاستبهام ما قد تقدم قولنا فيه، وأنه تُنُكب لاستكراههم ما فيه من عدم البيان، ولما كان الاسم االمثنى معربا متمكنا، وكرهوا أن يعتقدوا في حرف\n\nإعرابه تقدير حركة إعراب لئلا يبقى في الأحوال الثلاث على صورة واحدة، كما تبقى جميع الأسماء المقصورة فيها كذلك، عوضوه من الإعراب الذي منعوه حرف إعرابه نونا، وأبدلوا من ألفه في الرفع ياء الجر والنصب؛ ليدلوا بذلك على تمكنه وأنه معرب غير بمني كـ ""متى"" و""إذا"" و""أنى"" فكان ذلك أحوط وأحزم.', 'سر-صناعة-الاعراب/المجلد1/\u200c\u200cباب-أسماء-الحروف\n\nالخصائص/مجلد2/\u200c\u200cباب-في-زيادة-الحروف-وحذفها\n\nسر-صناعة-الاعراب/المجلد2/\u200c\u200cباب-الألف-الساكنة']",إنه كان يعدها ثمانية وعشرين حرفا، ويجعل أولها الباء، ويدع الألف من أولها، ويقول: هي همزة، ولا تثبت على صورة واحدة، وليست لها صورة مستقرة، فلا أعتدها مع الحروف التي أشكالها محفوظة معروفة.,"كان رأي أبي العباس في عدد حروف المعجم أنه يعتبرها ثمانية وعشرين حرفًا، حيث يسقط الألف من أولها. يقول أبو العباس إن الألف ليست حرفًا مستقلاً بل هي همزة ولا تثبت على صورة واحدة. ومع ذلك، يعتبر ابن جني رأي أبي العباس غير مرضي ويوضح أن الألف هي صورة الهمزة وتكتب ألفا مفتوحة أو مضمومة أو مكسورة إذا وقعت في أول الكلمة.

يستند ابن جني في رأيه إلى أن كل حرف في تسمية الحروف يبدأ بنفس الحرف، مثل ""جيم"" تبدأ بالجيم و""دال"" تبدأ بالدال. كما يشير إلى أن المدة في بعض الكلمات مثل ""قام"" و""سار"" تكتب بنفس صورة الهمزة المتحركة.

في النهاية، يعتبر ابن جني رأي أبي العباس غير صحيح بسبب عدم ثبات الألف وعدم اعتبارها حرفًا مستقلاً. "
كيف تعبر الألف في النص عن وجودها في الكلمات وما هو دلالة ذلك؟,"['فالجواب عن ذلك قد تقدم في حرف الهمزة من أول هذا الكتاب، فالأصل في هذين الموضعين إنما هو لام المعرفة المدخلة عليها الألف، ثم حملت الألف في إدخال اللام عليها على حكم لام المعرفة، وذلك أن اللفظ أسبق مرتبة من الخط، فَبِهِ بُدِئَ، ثم حمل الخط عليه.\n\nواعلم أن هذه الألف، أعني المدة الساكنة في نحو قامَ، وباعَ، وحمارٍ، وكتابٍ، وغزَا، ورَمَى، وحتَّى، وإلَّا، ومَا، ولا، لا تكون أصلا في الأسماء المتمكنة ولا الأفعال أبدًا، إنما تكون بدلا أو زائدًا، فأما الحروف التي جاءت لمعانٍ فإن الألفات فيها أصول، وكذلك الأسماء المبنية التي أوغلت في شبه الحرف، وسيأتيك ذلك مفصلا في أماكِنِه بإذن الله تعالى.\n\n\u200c\u200cكون الألف أصلا:\n\nوأما قولنا: ""إن زيدًا لفي الدار""، و""أن زيدًا لبك واثق""؛ فاللام داخلة فيه على خبر ""إن"" لا على الحرف. وكذلك ما أشبهه، وكذلك قوله تعالى: {فَلَسَوْفَ تَعْلَمُونَ} [الشعراء: 49] 2، {وَلَسَوْفَ يُعْطِيكَ رَبُّكَ فَتَرْضَى} [الضحى: 5] 3؛ إنما اللام داخلة فيه على الفعل لا على الحرف.\n\nالثاني منهما: قولنا في حروف المعجم ""هَـ ولا يَ"" ولا يقال هنا: لام ألف كما يقول المعلمون؛ إنما يقال: ""لا ي"" ووجه ذلك أن ألف ""لا"" إنما هي المدة الساكنة في نحو قام، وحمار، وكتاب، ولا يمكن الابتداء بهذه الألف؛ لأنها لا تكون إلا مدة ساكنة، وأرادوا النطق بها كما أرادوا النطق بسائر حروف المعجم غيرها؛ فدعمها واضع الهجاء بحرف يقع الابتداء به، وهو اللام، توصلًا إلى النطق بها ساكنة بحالها، فقال: ""لا"".\n\nفإن قال قائل: ما أنكرت أن يكون؛ إنما أراد واضع الحروف أن يرينا كيف تتركب اللام والألف، فشكل هذا الشكل الذي هو ""لا"" دون ما ذهبت إليه من أنه أدخل اللام لسكون الألف؟\n\nوكذلك القول عندنا في الأسماء القاعدة في شبه الحرف، نحو: أنَّى، ومَتَى، وإِذَا، وإيّا، ينبغي أن تكون ألفاتها أصولا غير زوائد ولا مبدلة، لأن أواخرها ينبغي أن تكون سواكن، ألا ترى أن ""أنى"" في الاستفهام بمننزلة ""مَنْ"" و""كَمْ"" وأنه ينبغي أن يكون آخرها ساكنًا كما أن آخر ""مَنْ"" و""كَمْ"" ساكن، فوجودك الألف في المكان الذي يسكن فيه الحرف الصحيح أدل دليل على كونها أصلا غير زائدة ولا مبدلة. والقول في ""متى"" أيضًا كالقول في ""أنى"" لأنها أختها في الاستفهام ورسيلتها في استحقاق البناء. وكذلك ""إذا"" هي مستحقة للبناء لاقتصارهم على إضافتها إلى الجملة، فينبغي أن يكون آخرها ساكنًا كآخر ""إذ"" فالألف إذن في آخرها أصل، إذ لا حركة فيها توجب قلبها. وكذلك القول في ألف ""إذا"" التي للمفاجأة لأنها مبنية، وحكمها أن تكون ساكنة الآخر.\n\nوأما ""إيّا"" فاسم مضمر، وقد تقدمت الدلالة في هذا الكتاب وغيره مما صنفناه وأمللناه على صحة كونه مضمرًا بمنزلة ""أنت"" و""أنا"" و""هو"" فكما أن هذه كلها مبنية لشبه الحرف فيها، كذلك ينبغي أن تكون ""إيّا"" مبنية أيضًا.', 'سر-صناعة-الاعراب/المجلد2/\u200c\u200cباب-الألف-الساكنة\n\nسر-صناعة-الاعراب/المجلد2/\u200c\u200cباب-اللام\n\nسر-صناعة-الاعراب/المجلد2/\u200c\u200cباب-الألف-الساكنة']",اعلم أن الألف التي في أول حروف المعجم هي صورة الهمزة، وإنما كتبت الهمزة واوا مرة وياء أخرى على مذهب أهل الحجاز في التخفيف.,"الحمد لله رب العالمين، والصلاة والسلام على سيد المرسلين، وعلى آله وصحبه أجمعين.

أما بعد، فإن الألف في النص تعبر عن وجودها في الكلمات من خلال تمثيلها للحروف الساكنة والمتحركة. دلالة الألف في هذا السياق تشير إلى دورها الأساسي في تكوين الكلمات والجمل في اللغة العربية.

فيما يتعلق بالألف الساكنة، فإنها تستخدم للدلالة على المدة الزمنية في بعض الكلمات مثل ""قام"" و""باع"" و""حمار"" و""كتاب"" و""غزا"" و""رمى"" و""حتى"" و""إلا"" و""ما"" و""لا"". هذه الألف لا تكون أصلًا في الأسماء المتمكنة ولا الأفعال، بل تكون بدلًا أو زائدة.

أما الألف المتحركة، فتظهر في بعض الكلمات مثل ""في"" و""على"" و""إلى"" و""أن"" و""لكن"". هذه الألف تستخدم للدلالة على الحركة والتنقل بين الكلمات والجمل.

في سياق النص المذكور، يمكن ملاحظة استخدام الألف في بعض الكلمات مثل ""إن"" و""أن"" و""إذا"" و""إيّا"". هذه الألف تستخدم للدلالة على الحركة والتنقل بين الكلمات والجمل، وتساعد في توضيح المعنى وبناء الجملة بشكل صحيح.

في المجمل، تعتبر الألف عنصرًا مهمًا في اللغة العربية، حيث تساعد في توضيح المعنى وبناء الجمل بشكل صحيح. استخدامها في النص يعكس دورها الأساسي في تكوين الكلمات والجمل في اللغة العربية. "
